URL,Note
/10-years-after-the-killing-of-eric-garner,No inbound internal links from crawled pages
/2023-crime-trends,No inbound internal links from crawled pages
/2025-a-look-back-most-read,No inbound internal links from crawled pages
/6-observers-and-veterans-of-new-york-city-politics-weigh-in-on-the-mayors-chances-of-finishing-out-his-term,No inbound internal links from crawled pages
/a-better-conversation-on-guns,No inbound internal links from crawled pages
/a-brief-biography-of-the-second-amendment,No inbound internal links from crawled pages
/a-brief-history-of-the-3300-target,No inbound internal links from crawled pages
/a-budget-crash-course-for-zohran-mamdani,No inbound internal links from crawled pages
/a-closer-look-at-how-city-government-funds-nonprofits-in-new-york,No inbound internal links from crawled pages
/a-conversation-with-former-federal-prosecutor-carrie-cohen-on-smartphone-seizures-in-the-investigation-of-mayor-eric-adams,No inbound internal links from crawled pages
/a-conversation-with-former-new-york-city-transit-presidents-sarah-feinberg-and-richard-davey,No inbound internal links from crawled pages
/a-conversation-with-mta-chairman-and-ceo-janno-lieber,No inbound internal links from crawled pages
/a-cop-civilian-confrontation-photo-essay,No inbound internal links from crawled pages
/a-cop-civilian-confrontation-the-police-perspective,No inbound internal links from crawled pages
/a-culture-of-learning-can-defeat-a-culture-of-violence,No inbound internal links from crawled pages
/a-housing-agenda-for-the-next-mayor,No inbound internal links from crawled pages
/a-housing-roadmap-for-new-yorks-next-mayor,No inbound internal links from crawled pages
/a-jail-population-of-3700-or-lower-is-achievable,No inbound internal links from crawled pages
/a-marshall-plan-for-the-nonprofit-sector,No inbound internal links from crawled pages
/a-nation-and-city-less-secure,No inbound internal links from crawled pages
/a-new-construction-lender-in-town,No inbound internal links from crawled pages
/a-new-era-in-new-york-city-political-history,No inbound internal links from crawled pages
/a-new-yorker-mourns-the-conflagrations-engulfing-los-angeles,No inbound internal links from crawled pages
/a-one-city-solution,No inbound internal links from crawled pages
/a-psychiatrist-explains-how-new-york-can-improve-the-care-of-the-mentally-ill-and-enhance-public-safety,No inbound internal links from crawled pages
/a-safer-cheaper-quicker-way-of-daylighting-intersections,No inbound internal links from crawled pages
/a-safer-city-and-nation-with-asterisks,No inbound internal links from crawled pages
/a-snapshot-of-how-unions-forestall-progress-on-jail-conditions,No inbound internal links from crawled pages
/a-tale-of-two-divergent-paths,No inbound internal links from crawled pages
/a-tale-of-two-new-yorkers-didarul-islam-and-zohran-mamdani,No inbound internal links from crawled pages
/abundance-ezra-klein-derek-thompson-book-review,No inbound internal links from crawled pages
/account,No inbound internal links from crawled pages
/act-now-or-expect-more-of-the-same,No inbound internal links from crawled pages
/adams-abdication-has-new-york-city-at-trumps-mercy,No inbound internal links from crawled pages
/after-hours-with-jamie-rubin-and-majora-carter,No inbound internal links from crawled pages
/after-hours-with-jamie-rubin-reflections-on-disaster-relief,No inbound internal links from crawled pages
/after-hours-with-jamie-rubin-what-do-we-owe-nonprofits-anyway,No inbound internal links from crawled pages
/age-diversity-in-cities-and-neighborhoods,No inbound internal links from crawled pages
/ai-and-the-future-of-cities,No inbound internal links from crawled pages
/alexis-de-tocqueville-and-the-art-of-association,No inbound internal links from crawled pages
/all-crime-is-local-and-solutions-must-be-too,No inbound internal links from crawled pages
/an-antidemocratic-approach-to-democratic-governance,No inbound internal links from crawled pages
/an-antidote-to-doge-strengthening-urban-policy-entrepreneurs,No inbound internal links from crawled pages
/an-architect-dissects-francis-ford-coppolas-passion-project-megalopolis,No inbound internal links from crawled pages
/andrew-cuomo-sees-a-city-in-crisis-do-new-york-voters,No inbound internal links from crawled pages
/annemarie-gray-interview,No inbound internal links from crawled pages
/approaches-to-crime-in-the-bronx-2023,No inbound internal links from crawled pages
/archive,No inbound internal links from crawled pages
/are-nycs-jails-ungovernable,No inbound internal links from crawled pages
/are-nycs-jails-ungovernable-2,No inbound internal links from crawled pages
/are-nycs-jails-ungovernable-closing-remarks,No inbound internal links from crawled pages
/are-nycs-jails-ungovernable-opening-remarks,No inbound internal links from crawled pages
/are-psychedelics-the-next-frontier-of-legalization,No inbound internal links from crawled pages
/artificial-intelligence-and-the-nonprofit-sector,No inbound internal links from crawled pages
/authors,No inbound internal links from crawled pages
/before-the-trigger-is-pulled,No inbound internal links from crawled pages
/better-evidence-better-policy,No inbound internal links from crawled pages
/beware-of-potholes,No inbound internal links from crawled pages
/beyond-free-buses,No inbound internal links from crawled pages
/big-cities-bigger-integrity-problems,No inbound internal links from crawled pages
/bill-de-blasio-role-model,No inbound internal links from crawled pages
/black-market-brooklyn,No inbound internal links from crawled pages
/boiling-the-frog-what-is-the-way-forward,No inbound internal links from crawled pages
/breaking-through-with-the-next-generation-on-firearms,No inbound internal links from crawled pages
/brick-by-brick-rule-by-rule,No inbound internal links from crawled pages
/bring-vision-to-hochuls-mental-health-plans,No inbound internal links from crawled pages
/broken-windows-politics-disorder-still-matters,No inbound internal links from crawled pages
/bruce-western-on-the-impact-of-jail-on-the-lives-of-new-yorkers,No inbound internal links from crawled pages
/build-better-for-bicyclists,No inbound internal links from crawled pages
/build-big-without-delay,No inbound internal links from crawled pages
/build-more-homes-for-families,No inbound internal links from crawled pages
/build-more-housing-in-new-york-city,No inbound internal links from crawled pages
/building-better-piece-by-piece,No inbound internal links from crawled pages
/building-diverse-schools-in-changing-neighborhoods,No inbound internal links from crawled pages
/business-fears-real-and-imagined,No inbound internal links from crawled pages
/california-dreaming,No inbound internal links from crawled pages
/call-it-gentlefication,No inbound internal links from crawled pages
/calling-real-leaders-the-2025-new-york-city-mayoral-race-is-underway,No inbound internal links from crawled pages
/calling-the-cops-less-often,No inbound internal links from crawled pages
/can-a-receiver-bring-enduring-change-for-the-better,No inbound internal links from crawled pages
/can-cities-withstand-trumps-assault,No inbound internal links from crawled pages
/can-eric-adams-govern-without-a-government,No inbound internal links from crawled pages
/can-eric-adams-really-win-a-second-term,No inbound internal links from crawled pages
/can-new-york-become-a-city-of-yes,No inbound internal links from crawled pages
/can-new-york-still-build-transformative-infrastructure,No inbound internal links from crawled pages
/can-the-usdot-end-mtas-congestion-pricing-system,No inbound internal links from crawled pages
/cannabis-at-the-crossroads,No inbound internal links from crawled pages
/casinos-bring-the-rot-why-gambling-is-fertile-ground-for-corruption,No inbound internal links from crawled pages
/causal-research-more-not-less,No inbound internal links from crawled pages
/cause-to-worry-reason-to-act,No inbound internal links from crawled pages
/challenges-around-every-bend-transit-workers-day-to-day,No inbound internal links from crawled pages
/charter-schools-at-the-crossroads,No inbound internal links from crawled pages
/chidinma-ume-erin-pilnyak-interview,No inbound internal links from crawled pages
/child-welfare-agencies-should-only-pull-children-from-their-parents-as-a-last-resort,No inbound internal links from crawled pages
/children-domestic-violence-acs-family-court,No inbound internal links from crawled pages
/city-beautiful-city-ugly,No inbound internal links from crawled pages
/city-hall-on-the-brink-how-the-feds-order-to-dismiss-its-own-prosecution-of-eric-adams-has-destabilized-the-government,No inbound internal links from crawled pages
/city-of-champions-what-winning-games-does-for-cities-like-new-york,No inbound internal links from crawled pages
/closing-the-racial-wealth-gap,No inbound internal links from crawled pages
/clustering-of-gun-violence-the-problem-that-wont-go-away,No inbound internal links from crawled pages
/columbia-1968-commencement-address,No inbound internal links from crawled pages
/community-violence-intervention-at-a-crossroads,No inbound internal links from crawled pages
/conditions-inside-the-citys-jails-continue-to-be-violent-a-data-story,No inbound internal links from crawled pages
/confronting-radical-uncertainty,No inbound internal links from crawled pages
/congestion-pricing-2-tolling-cars-to-enter-central-manhattan-remains-hugely-worthwhile,No inbound internal links from crawled pages
/congestion-pricing-across-america,No inbound internal links from crawled pages
/congestion-pricing-an-explainer,No inbound internal links from crawled pages
/congestion-pricing-to-the-rescue,No inbound internal links from crawled pages
/congestion-pricings-belated-lesson,No inbound internal links from crawled pages
/could-our-jails-be-a-civic-asset,No inbound internal links from crawled pages
/crime,No inbound internal links from crawled pages
/crime-data-is-better-will-americans-pay-attention,No inbound internal links from crawled pages
/crime-in-2022-and-2023-a-symposium,No inbound internal links from crawled pages
/crime-in-context-locally-and-nationally,No inbound internal links from crawled pages
/crime-on-the-ground-and-how-its-experienced,No inbound internal links from crawled pages
/crime-perceptions-and-reality-in-new-york,No inbound internal links from crawled pages
/crime-rhetoric-vs-crime-realities,No inbound internal links from crawled pages
/crime-victims-can-help-point-the-way-forward,No inbound internal links from crawled pages
/crossing-delancey-one-projects-story,No inbound internal links from crawled pages
/curtis-sliwa-talks-public-safety,No inbound internal links from crawled pages
/daniel-okrent-interview,No inbound internal links from crawled pages
/daniel-penny-jordan-neely-and-all-of-us-in-between,No inbound internal links from crawled pages
/dante-ross-and-the-golden-age-of-hip-hop,No inbound internal links from crawled pages
/data-in-garbage-out,No inbound internal links from crawled pages
/data-stories,No inbound internal links from crawled pages
/david-weisburd-hot-spot-policing,No inbound internal links from crawled pages
/democracy-of-evidence,No inbound internal links from crawled pages
/department-of-community-safety-and-universal-childcare-albequerque-new-york,No inbound internal links from crawled pages
/designing-cities-for-a-sustainable-climate-future,No inbound internal links from crawled pages
/destroying-affordable-housing-in-order-to-save-it,No inbound internal links from crawled pages
/does-eric-adams-have-a-chance,No inbound internal links from crawled pages
/does-evidence-matter-in-policy-making,No inbound internal links from crawled pages
/does-nothing-stop-a-bullet-like-a-job,No inbound internal links from crawled pages
/donald-trump-vs-the-rule-of-law-and-new-york-city,No inbound internal links from crawled pages
/drop-dead-city-review,No inbound internal links from crawled pages
/e-bike-fires-in-new-york-city,No inbound internal links from crawled pages
/echoes-of-1977-shape-2025-mayoral-politics-in-new-york,No inbound internal links from crawled pages
/ed-glaeser-and-david-schleicher-dissect-nycs-mayoral-candidates,No inbound internal links from crawled pages
/editors-note-issue-13,No inbound internal links from crawled pages
/editors-note-issue-5,No inbound internal links from crawled pages
/editors-note-issue-6,No inbound internal links from crawled pages
/editors-note-issue-7,No inbound internal links from crawled pages
/editors-note-issue-8,No inbound internal links from crawled pages
/editors-note-megalopolis-subway-where-romance-and-reality-meet,No inbound internal links from crawled pages
/editors-note-what-role-should-nonprofits-play-in-cities,No inbound internal links from crawled pages
/editors-picks,No inbound internal links from crawled pages
/eric-adams-interview,No inbound internal links from crawled pages
/eric-adams-legal-headaches-reforming-new-york-travel-expenses-laws,No inbound internal links from crawled pages
/eric-adams-scandals-in-context,No inbound internal links from crawled pages
/eric-adams-trials-are-a-trial-for-new-yorkers,No inbound internal links from crawled pages
/eric-klinenberg-interview,No inbound internal links from crawled pages
/errol-louis-harry-siegel-and-vishaan-chakrabarti-join-vital-city-as-contributing-writers,No inbound internal links from crawled pages
/even-mamdanis-new-york-needs-millionaires,No inbound internal links from crawled pages
/everyone-got-cities-wrong,No inbound internal links from crawled pages
/expand-manhattan-for-housing,No inbound internal links from crawled pages
/expand-the-reach-of-the-subway-system-a-2125-map,No inbound internal links from crawled pages
/federal-transitional-administrator-juvenile-detention-cook-county,No inbound internal links from crawled pages
/fewer-students-better-schools,No inbound internal links from crawled pages
/filling-in-the-blanks-on-zohran-mamdanis-education-agenda,No inbound internal links from crawled pages
/five-myths-about-mayoral-control,No inbound internal links from crawled pages
/fix-public-policy-or-pay-a-price,No inbound internal links from crawled pages
/fix-the-subway-not-society,No inbound internal links from crawled pages
/fixing-new-york-citys-jails-a-federal-receiver,No inbound internal links from crawled pages
/fixing-new-york-citys-jails-a-federal-receiver-closing-remarks,No inbound internal links from crawled pages
/fixing-new-york-citys-jails-a-federal-receiver-opening,No inbound internal links from crawled pages
/fixing-new-york-citys-jails-a-federal-receiver-panel,No inbound internal links from crawled pages
/fixing-new-york-citys-jails-a-federal-receiver-panel-one,No inbound internal links from crawled pages
/fixing-new-york-citys-jails-a-federal-receiver-remarks,No inbound internal links from crawled pages
/fixing-the-research-to-policy-pipeline,No inbound internal links from crawled pages
/flip-the-script-and-the-ballot-for-housing,No inbound internal links from crawled pages
/floodproofing-new-york-city,No inbound internal links from crawled pages
/for-new-york-city-crime-trends-a-good-month,No inbound internal links from crawled pages
/forecasting-new-york-city-crime-in-2024,No inbound internal links from crawled pages
/forging-firearm-folklore,No inbound internal links from crawled pages
/four-ballot-items-to-unlock-more-new-york-city-housing,No inbound internal links from crawled pages
/from-plantation-prisons-to-the-modern-era,No inbound internal links from crawled pages
/gently-increasing-new-york-housing-density,No inbound internal links from crawled pages
/getting-government-under-comptrol,No inbound internal links from crawled pages
/ghosts-of-deinstitutionalization,No inbound internal links from crawled pages
/gothams-boundless-ingenuity,No inbound internal links from crawled pages
/governance-in-the-time-of-congestion,No inbound internal links from crawled pages
/government-is-already-in-the-grocery-business,No inbound internal links from crawled pages
/government-should-harness-the-power-of-ai-to-combat-corruption-while-preserving-managerial-discretion,No inbound internal links from crawled pages
/guiding-new-york-city-in-a-storm-an-interview-with-deputy-mayors,No inbound internal links from crawled pages
/gun-culture-then-and-now,No inbound internal links from crawled pages
/gun-violence-prevention-and-the-harm-of-omission,No inbound internal links from crawled pages
/guns-my-family-and-me,No inbound internal links from crawled pages
/half-a-century-of-criminal-justice-reform,No inbound internal links from crawled pages
/hardship-on-top-of-hardship,No inbound internal links from crawled pages
/harm-reduction-save-lives,No inbound internal links from crawled pages
/hate-the-mta-beware-the-alternatives,No inbound internal links from crawled pages
/have-public-sector-unions-taken-the-place-of-tammany-hall,No inbound internal links from crawled pages
/hip-hop-exhibits-review,No inbound internal links from crawled pages
/history-of-opioids-in-new-york-city,No inbound internal links from crawled pages
/hochul-nuclear-energy-climate-new-york,No inbound internal links from crawled pages
/holding-rikers-officers-accountable-an-almost-impossible-task,No inbound internal links from crawled pages
/holding-the-center-vital-city-at-three,No inbound internal links from crawled pages
/holistic-safety-in-corrections,No inbound internal links from crawled pages
/homicide-life-in-the-stats,No inbound internal links from crawled pages
/how-about-energy-affordability-for-new-york-city,No inbound internal links from crawled pages
/how-architecture-can-create-community-or-isolation,No inbound internal links from crawled pages
/how-civil-law-can-help-prevent-gun-tragedies,No inbound internal links from crawled pages
/how-corrupt-is-new-york-anyway,No inbound internal links from crawled pages
/how-do-you-solve-a-problem-like-fees-and-fines,No inbound internal links from crawled pages
/how-does-the-empire-state-strike-back-how-new-york-answers-a-restive-electorate,No inbound internal links from crawled pages
/how-drugs-hurt-or-helped-me,No inbound internal links from crawled pages
/how-eric-adams-could-pull-through-a-10-step-survival-guide,No inbound internal links from crawled pages
/how-hong-kong-emerged-from-the-swamp,No inbound internal links from crawled pages
/how-housing-promotes-education-inequality,No inbound internal links from crawled pages
/how-housing-supply-and-design-intersect,No inbound internal links from crawled pages
/how-institutional-failings-and-electoral-incentives-fuel-corruption,No inbound internal links from crawled pages
/how-london-and-stockholm-made-congestion-pricing-politics-work,No inbound internal links from crawled pages
/how-long-people-stay-is-the-problem,No inbound internal links from crawled pages
/how-mamdani-can-delivery-free-buses-and-subways-too,No inbound internal links from crawled pages
/how-mamdani-can-win-and-govern,No inbound internal links from crawled pages
/how-modern-bullets-maximize-lethality,No inbound internal links from crawled pages
/how-modern-new-york-city-mayors-meet-the-moment,No inbound internal links from crawled pages
/how-new-york-can-learn-from-the-tobacco-settlement,No inbound internal links from crawled pages
/how-new-york-city-budgets-for-public-libraries,No inbound internal links from crawled pages
/how-new-york-city-got-to-the-brink-of-hosting-vegas-style-casinos,No inbound internal links from crawled pages
/how-new-york-city-is-engaging-the-mentally-ill-underground,No inbound internal links from crawled pages
/how-new-york-citys-building-emission-law-may-harm-the-environment-and-economy,No inbound internal links from crawled pages
/how-new-yorks-bail-laws-look-from-the-bench,No inbound internal links from crawled pages
/how-not-to-use-nypd-drones-as-surveillance-tools,No inbound internal links from crawled pages
/how-nycha-can-serve-more-new-yorkers-without-any-new-buildings,No inbound internal links from crawled pages
/how-should-nonprofits-and-foundations-respond-to-trump,No inbound internal links from crawled pages
/how-should-we-pay-for-transportation-new-york-city,No inbound internal links from crawled pages
/how-starbucks-and-other-coffee-shops-spark-entrepreneurship,No inbound internal links from crawled pages
/how-the-jail-population-can-be-reduced-safely,No inbound internal links from crawled pages
/how-the-nonprofit-sector-fails-low-income-communities,No inbound internal links from crawled pages
/how-the-sausage-gets-made-a-primer,No inbound internal links from crawled pages
/how-to-end-the-crises-on-rikers-island,No inbound internal links from crawled pages
/how-to-get-smarter-about-fighting-crime,No inbound internal links from crawled pages
/how-to-make-the-five-boroughs-better-for-parents-and-children,No inbound internal links from crawled pages
/how-trump-twists-the-uses-of-the-national-guard,No inbound internal links from crawled pages
/how-urban-progressives-became-their-own-worst-enemy-lessons-from-new-york,No inbound internal links from crawled pages
/how-we-speak-who-we-are,No inbound internal links from crawled pages
/how-were-really-doing,No inbound internal links from crawled pages
/how-will-congestion-pricing-actually-work,No inbound internal links from crawled pages
/how-will-how-many-stops-actually-work,No inbound internal links from crawled pages
/how-you-yes-you-can-help-new-york-city-thrive,No inbound internal links from crawled pages
/how-zohran-mamdani-can-get-out-of-the-gifted-and-talented-trap,No inbound internal links from crawled pages
/how-zohran-mamdani-could-succeed-as-mayor,No inbound internal links from crawled pages
/humanize-every-incarcerated-person,No inbound internal links from crawled pages
/if-eric-adams-does-not-resign-can-he-be-forced-out-of-office-its-complicated,No inbound internal links from crawled pages
/if-free-buses-arent-wise-what-about-cheaper-citi-bikes,No inbound internal links from crawled pages
/illegal-parking-and-failed-governance-ai-study-of-nypd-enforcement,No inbound internal links from crawled pages
/imagine-a-real-new-york-mayoral-election,No inbound internal links from crawled pages
/improving-carceral-care,No inbound internal links from crawled pages
/improving-conditions-on-rikers-island,No inbound internal links from crawled pages
/improving-new-york-public-transit-for-less,No inbound internal links from crawled pages
/in-defense-of-social-justice-upheaval-at-nonprofits,No inbound internal links from crawled pages
/in-praise-of-a-new-manifesto-for-cities,No inbound internal links from crawled pages
/in-these-streets-reporting-from-the-front-lines-of-inner-city-gun-violence-josiah-bates-review,No inbound internal links from crawled pages
/incrementalism-beats-yolo,No inbound internal links from crawled pages
/information-suppression-in-nyc-jails,No inbound internal links from crawled pages
/invest-in-transit-the-right-way,No inbound internal links from crawled pages
/is-eric-adams-our-last-tabloid-mayor,No inbound internal links from crawled pages
/is-family-court-worth-saving,No inbound internal links from crawled pages
/is-it-possible-to-improve-nonprofit-design,No inbound internal links from crawled pages
/is-it-time-for-cities-to-go-it-alone,No inbound internal links from crawled pages
/is-modular-part-of-new-yorks-housing-solution,No inbound internal links from crawled pages
/is-new-york-broken,No inbound internal links from crawled pages
/is-there-any-path-to-victory-for-eric-adams-as-an-independent,No inbound internal links from crawled pages
/is-transformational-change-the-only-thing-that-matters,No inbound internal links from crawled pages
/its-hard-to-change-people,No inbound internal links from crawled pages
/its-not-impossible-how-nyc-can-transform-jail-conditions,No inbound internal links from crawled pages
/its-not-impossible-how-nyc-can-transform-jail-conditions-transcript,No inbound internal links from crawled pages
/jails,No inbound internal links from crawled pages
/james-essig-interview,No inbound internal links from crawled pages
/jane-jacobs-and-the-quest-for-goldilocks-density,No inbound internal links from crawled pages
/jane-jacobs-would-support-city-of-yes,No inbound internal links from crawled pages
/jens-ludwig-interview,No inbound internal links from crawled pages
/jimmy-breslin-and-the-lost-rhythm-of-new-york,No inbound internal links from crawled pages
/job-creation-and-upward-mobility-for-affordability-mamdani,No inbound internal links from crawled pages
/john-lindsay-zohran-mamdani-and-how-ambitions-collide-with-reality,No inbound internal links from crawled pages
/jonathan-mahler-thomas-dyja-gods-of-new-york,No inbound internal links from crawled pages
/kathy-hochul-nese-pipeline-empire-wind,No inbound internal links from crawled pages
/law-enforcement-against-fentanyl,No inbound internal links from crawled pages
/law-enforcement-and-legitimacy,No inbound internal links from crawled pages
/learning-about-shot-spotter-from-chicago,No inbound internal links from crawled pages
/learning-from-australias-gun-evolution,No inbound internal links from crawled pages
/learning-from-decriminalization-portland-and-portugal,No inbound internal links from crawled pages
/learning-from-jersey-city,No inbound internal links from crawled pages
/leslie-day-interview-hudson-river-houseboat,No inbound internal links from crawled pages
/lessons-about-corruption-from-the-history-of-garbage,No inbound internal links from crawled pages
/lessons-for-criminal-justice-reformers,No inbound internal links from crawled pages
/lessons-on-receivership-in-correctional-settings,No inbound internal links from crawled pages
/let-new-york-vote-for-more-housing,No inbound internal links from crawled pages
/letting-more-people-await-trial-outside-jail,No inbound internal links from crawled pages
/licensed-to-kill-concealed-carry-training-course,No inbound internal links from crawled pages
/liz-glazer-nyc-jails-fatal-cost-of-waiting,No inbound internal links from crawled pages
/local-democracy-is-land-use-policy,No inbound internal links from crawled pages
/long-crisis-review,No inbound internal links from crawled pages
/longtime-daily-news-opinion-and-editorial-page-editor-josh-greenman-joins-vital-city-as-managing-editor,No inbound internal links from crawled pages
/lorem-ipsum,No inbound internal links from crawled pages
/make-design-relevant-again,No inbound internal links from crawled pages
/making-a-federal-case-out-of-a-local-shooting,No inbound internal links from crawled pages
/making-new-york-city-pools-accessible-to-all,No inbound internal links from crawled pages
/making-the-most-of-drug-court,No inbound internal links from crawled pages
/mamdani-candidate-today-leader-tomorrow,No inbound internal links from crawled pages
/mamdani-department-of-community-safety-where-theory-meets-practice,No inbound internal links from crawled pages
/mamdani-housing-affordability-new-york,No inbound internal links from crawled pages
/mamdani-local-law-97-enforcement-pollution,No inbound internal links from crawled pages
/mamdani-mailer-and-breslin-bringing-fun-to-new-york-city,No inbound internal links from crawled pages
/mamdani-needs-a-staffing-plan,No inbound internal links from crawled pages
/mamdani-parks-public-spaces-nyc,No inbound internal links from crawled pages
/mamdani-snow-emergency-response,No inbound internal links from crawled pages
/mamdani-universal-childcare-policy-questions,No inbound internal links from crawled pages
/mamdanis-charter-school-dilemma,No inbound internal links from crawled pages
/mamdanis-facilitators-frenemiesor-foes,No inbound internal links from crawled pages
/mamdanis-victory-and-memories-of-dinkins,No inbound internal links from crawled pages
/margaret-haney-interview,No inbound internal links from crawled pages
/maricopas-slap-at-alvin-bragg-plays-politics-with-peoples-lives,No inbound internal links from crawled pages
/maya-kornberg-interview,No inbound internal links from crawled pages
/mayoral-candidate-forum-on-public-safety-and-quality-of-life,No inbound internal links from crawled pages
/mbas-for-the-public-good-does-getting-a-masters-degree-make-sense-for-nonprofit-professionals,No inbound internal links from crawled pages
/meera-joshi-interview,No inbound internal links from crawled pages
/membership,No inbound internal links from crawled pages
/michael-lipetri-interview,No inbound internal links from crawled pages
/michael-rempel-technical-appendix,No inbound internal links from crawled pages
/migrants-give-more-than-they-take-to-new-york-citys-economy,No inbound internal links from crawled pages
/monsoon-wedding-musical-review,No inbound internal links from crawled pages
/more-than-a-noble-gesture,No inbound internal links from crawled pages
/move-local-elections-to-even-years,No inbound internal links from crawled pages
/movement-new-yorks-long-war-to-take-back-its-streets-from-the-car-excerpt,No inbound internal links from crawled pages
/my-seven-guns-a-personal-inventory,No inbound internal links from crawled pages
/new-york-city-crime-beyond-the-numbers,No inbound internal links from crawled pages
/new-york-city-deputy-mayors-on-how-things-really-get-done,No inbound internal links from crawled pages
/new-york-city-digital-infrastructure,No inbound internal links from crawled pages
/new-york-city-isnt-ready-for-the-trump-stress-test,No inbound internal links from crawled pages
/new-york-city-needs-a-two-track-mind,No inbound internal links from crawled pages
/new-york-needs-a-smarter-way-to-control-rents,No inbound internal links from crawled pages
/new-york-needs-more-than-3300-jail-beds,No inbound internal links from crawled pages
/new-york-stilled-life-feral-city-review,No inbound internal links from crawled pages
/new-york-times-to-new-york-drop-dead,No inbound internal links from crawled pages
/new-york-too-much-of-an-undocumented-immigrant-sanctuary-or-not-enough,No inbound internal links from crawled pages
/new-yorks-five-political-types,No inbound internal links from crawled pages
/new-yorks-housing-crisis-self-inflicted-and-solvable,No inbound internal links from crawled pages
/new-yorks-iron-pipeline-problem,No inbound internal links from crawled pages
/new-yorks-mamdani-ny-civil-service-system,No inbound internal links from crawled pages
/new-yorks-new-housing-deal-a-significant-win-for-tenants,No inbound internal links from crawled pages
/new-yorks-new-subway-map,No inbound internal links from crawled pages
/new-yorks-next-mayor-must-put-heads-together,No inbound internal links from crawled pages
/new-yorks-primary-and-the-power-of-better-election,No inbound internal links from crawled pages
/newark-and-the-limits-of-criminal-justice-reform,No inbound internal links from crawled pages
/nonprofits-and-the-city,No inbound internal links from crawled pages
/now-comes-the-hard-part-closing-rikers-island,No inbound internal links from crawled pages
/nyc-grocery-cost-explained,No inbound internal links from crawled pages
/nyc-trash-removal-cost-mamdani,No inbound internal links from crawled pages
/of-subpoenas-and-shoe-leather-how-prosecutors-and-investigative-journalists-pursue-public-corruption,No inbound internal links from crawled pages
/offer-riders-a-better-deal,No inbound internal links from crawled pages
/office-conversions-easier-said-than-done,No inbound internal links from crawled pages
/on-fear-itself-worry-about-crime-has-taken-on-a-life-of-its-own,No inbound internal links from crawled pages
/on-overdose-prevention-centers-listen-to-community-complaints,No inbound internal links from crawled pages
/one-nation-under-guns,No inbound internal links from crawled pages
/one-year-into-congestion-pricing-in-new-york-city,No inbound internal links from crawled pages
/opening-remarks-fixing-new-york-city-s-jails-a-federal-receiver,No inbound internal links from crawled pages
/our-advice-to-the-new-york-times-about-a-vexing-editorial-decision,No inbound internal links from crawled pages
/our-museums-ourselves,No inbound internal links from crawled pages
/our-tragically-shortsighted-crime-debate,No inbound internal links from crawled pages
/our-transit-tomorrow,No inbound internal links from crawled pages
/parking-placard-and-license-plate-arrogance,No inbound internal links from crawled pages
/path-to-a-safer-brooklyn,No inbound internal links from crawled pages
/paved-paradise-review,No inbound internal links from crawled pages
/paving-pathways-to-recovery-for-all,No inbound internal links from crawled pages
/people-with-serious-mental-illness-need-housing-not-jail,No inbound internal links from crawled pages
/peoples-perception-of-safety-on-subways,No inbound internal links from crawled pages
/percy-sutton-eric-adams-and-the-state-of-black-political-power-in-new-york,No inbound internal links from crawled pages
/please-stop-blaming-bail-reform,No inbound internal links from crawled pages
/pointing-a-firearm-or-looking-down-its-barrel,No inbound internal links from crawled pages
/police-commissioner-jessica-tisch-vs-new-york-city-crime-and-corruption,No inbound internal links from crawled pages
/police-management-matters-a-lot,No inbound internal links from crawled pages
/police-neglect-and-why-many-young-black-men-carry-guns,No inbound internal links from crawled pages
/postcards-from-the-past,No inbound internal links from crawled pages
/poverty-disadvantage-and-violence,No inbound internal links from crawled pages
/predictability-begets-productivity,No inbound internal links from crawled pages
/public-safety-and-mental-health,No inbound internal links from crawled pages
/public-space-design-and-safety,No inbound internal links from crawled pages
/putting-tech-to-work-for-all-new-yorkers,No inbound internal links from crawled pages
/putting-the-humility-back-in-harm-reduction,No inbound internal links from crawled pages
/race-and-training-after-tyre-nichols,No inbound internal links from crawled pages
/raising-the-bar-and-ending-an-era-of-low-expectations,No inbound internal links from crawled pages
/rat-control-in-urban-environments,No inbound internal links from crawled pages
/recommendations,No inbound internal links from crawled pages
/reimagining-the-street-and-subways-platforms-new-york-city,No inbound internal links from crawled pages
/resisting-the-asylums-pull,No inbound internal links from crawled pages
/resisting-the-impulse-to-just-resist-new-york-reacts-to-trumps-victory,No inbound internal links from crawled pages
/responding-to-troubled-men-on-the-street,No inbound internal links from crawled pages
/rethinking-prison-pennsylvania-pilots-scandinavian-inspired-prison-reform,No inbound internal links from crawled pages
/revealing-hidden-signals-in-city-hotline-data,No inbound internal links from crawled pages
/richard-florida-interview,No inbound internal links from crawled pages
/riding-while-female-a-safer-subway-for-women-too,No inbound internal links from crawled pages
/rikers-captives-review,No inbound internal links from crawled pages
/rikers-hearing-june-2023,No inbound internal links from crawled pages
/risks-outside-the-zone,No inbound internal links from crawled pages
/ross-barkan-on-whos-not-running-and-why,No inbound internal links from crawled pages
/running-for-nyc-mayor-through-a-fog,No inbound internal links from crawled pages
/safe-only-at-certain-speeds,No inbound internal links from crawled pages
/safer-cities-in-context,No inbound internal links from crawled pages
/sam-rivera-interview,No inbound internal links from crawled pages
/saved-by-the-camera,No inbound internal links from crawled pages
/seizures-and-investigations-and-resignations-oh-my,No inbound internal links from crawled pages
/self-esteem-and-the-modern-city,No inbound internal links from crawled pages
/serve-the-walkers,No inbound internal links from crawled pages
/service-delivery-is-not-enough-advocacy-should-be-central-to-every-nonprofit,No inbound internal links from crawled pages
/should-new-york-city-have-free-fares-for-better-and-worse,No inbound internal links from crawled pages
/sic-the-parking-police-on-the-nypd,No inbound internal links from crawled pages
/siesta-time-new-york,No inbound internal links from crawled pages
/six-ideas-for-improving-affordability-in-new-york,No inbound internal links from crawled pages
/six-meaningful-long-term-city-budget-cuts,No inbound internal links from crawled pages
/six-ways-new-york-can-spare-more-people-from-shootings,No inbound internal links from crawled pages
/smarter-parking-policy-please,No inbound internal links from crawled pages
/special-report-on-rikers,No inbound internal links from crawled pages
/state-gun-laws-matter,No inbound internal links from crawled pages
/straight-line-crazy-review,No inbound internal links from crawled pages
/strengthening-supervised-release,No inbound internal links from crawled pages
/stuck-on-utopia-parkway,No inbound internal links from crawled pages
/subway-ads-through-the-eras,No inbound internal links from crawled pages
/subway-crime,No inbound internal links from crawled pages
/subway-gun-scanners-the-wrong-tech-in-the-wrong-place,No inbound internal links from crawled pages
/sunday-in-the-park,No inbound internal links from crawled pages
/surging-the-guard-wont-safeguard-the-subways,No inbound internal links from crawled pages
/tags,No inbound internal links from crawled pages
/taking-control-of-new-yorks-budgetary-future,No inbound internal links from crawled pages
/taking-mamdanis-revolution-to-the-streets,No inbound internal links from crawled pages
/tammany-through-clear-eyes,No inbound internal links from crawled pages
/teach-officers-how-to-listen,No inbound internal links from crawled pages
/teachings-from-tokyo,No inbound internal links from crawled pages
/ted-alcorn-neighborhood-safety-teams,No inbound internal links from crawled pages
/the-45-minute-city,No inbound internal links from crawled pages
/the-80-20-rule-of-gun-supply,No inbound internal links from crawled pages
/the-abcs-of-policy-research,No inbound internal links from crawled pages
/the-bronxs-crime-crisis,No inbound internal links from crawled pages
/the-case-against-eric-adams-and-company-a-virtual-panel,No inbound internal links from crawled pages
/the-case-against-futility-in-gun-regulation,No inbound internal links from crawled pages
/the-case-for-optimism,No inbound internal links from crawled pages
/the-catholic-church-at-a-crossroads,No inbound internal links from crawled pages
/the-city-is-my-lover,No inbound internal links from crawled pages
/the-citys-jails-the-crises-in-numbers,No inbound internal links from crawled pages
/the-citys-new-jail-population-math,No inbound internal links from crawled pages
/the-citys-new-rikers-math,No inbound internal links from crawled pages
/the-congestion-pricing-meltdown-and-its-aftermath,No inbound internal links from crawled pages
/the-cultural-upside-of-a-downturn,No inbound internal links from crawled pages
/the-dangers-of-special-policing-units,No inbound internal links from crawled pages
/the-devil-is-in-the-details-of-911-dispatch,No inbound internal links from crawled pages
/the-drug-war-race-and-reality,No inbound internal links from crawled pages
/the-drug-war-without-cops,No inbound internal links from crawled pages
/the-enduring-power-of-poverty-pimps,No inbound internal links from crawled pages
/the-eric-adams-indictment-a-tragedy-in-two-dimensions,No inbound internal links from crawled pages
/the-essential-role-of-judges-in-the-effort-to-close-rikers-island,No inbound internal links from crawled pages
/the-explosion-of-online-drug-marketplaces,No inbound internal links from crawled pages
/the-failures-of-alcohol-regulation,No inbound internal links from crawled pages
/the-failures-of-urban-governance,No inbound internal links from crawled pages
/the-false-promise-of-police-crackdowns-in-new-york-city-roosevelt-island-queens-corridor,No inbound internal links from crawled pages
/the-fear-factor-civility-on-the-subway,No inbound internal links from crawled pages
/the-form-density-takes,No inbound internal links from crawled pages
/the-four-forces-that-have-shaped-the-subway-system,No inbound internal links from crawled pages
/the-future-of-renewable-rikers,No inbound internal links from crawled pages
/the-golden-age-of-crime-reduction-is-now,No inbound internal links from crawled pages
/the-good-gun-owner,No inbound internal links from crawled pages
/the-good-substances-do,No inbound internal links from crawled pages
/the-growth-of-the-firearm-industry,No inbound internal links from crawled pages
/the-high-price-of-fine-print,No inbound internal links from crawled pages
/the-hubris-of-social-scientists,No inbound internal links from crawled pages
/the-june-24-new-york-city-earthquake,No inbound internal links from crawled pages
/the-lawless-state-of-new-yorks-streets,No inbound internal links from crawled pages
/the-limits-of-death-star-thinking,No inbound internal links from crawled pages
/the-limits-of-litigation-history-of-federal-oversight-at-rikers,No inbound internal links from crawled pages
/the-local-government-staffers-we-need-and-deserve,No inbound internal links from crawled pages
/the-long-and-winding-road,No inbound internal links from crawled pages
/the-marijuana-reset-new-york-needs,No inbound internal links from crawled pages
/the-mayor-and-new-york-city-held-hostage-by-the-trump-administration,No inbound internal links from crawled pages
/the-mayor-the-us-attorney-and-the-president,No inbound internal links from crawled pages
/the-missing-fingerprints-at-crime-scenes,No inbound internal links from crawled pages
/the-misunderstood-urban-nimby,No inbound internal links from crawled pages
/the-money-behind-mass-shootings,No inbound internal links from crawled pages
/the-most-interesting-thing-on-the-ballot-this-fall,No inbound internal links from crawled pages
/the-nonprofit-model-of-social-service-delivery-makes-sense-for-new-york,No inbound internal links from crawled pages
/the-nypds-2025-strategy-a-conversation-with-michael-lipetri,No inbound internal links from crawled pages
/the-one-debate-answer-that-spoke-volumes-about-zohran-mamdani,No inbound internal links from crawled pages
/the-paradox-of-nonprofit-trustworthiness,No inbound internal links from crawled pages
/the-perils-and-necessity-of-jail-population-forecasting,No inbound internal links from crawled pages
/the-permanent-government-of-new-york-how-the-public-and-nonprofit-sectors-strengthen-the-city,No inbound internal links from crawled pages
/the-possibilities-and-limitations-of-a-receivership-in-nyc-jails,No inbound internal links from crawled pages
/the-power-of-the-arts,No inbound internal links from crawled pages
/the-precautionary-principle,No inbound internal links from crawled pages
/the-problem-with-the-criminal-legal-system,No inbound internal links from crawled pages
/the-promise-of-floating-zoning,No inbound internal links from crawled pages
/the-property-tax-cannot-stand,No inbound internal links from crawled pages
/the-public-square-issue-5,No inbound internal links from crawled pages
/the-public-square-issue-6,No inbound internal links from crawled pages
/the-public-square-issue-7,No inbound internal links from crawled pages
/the-public-square-issue-8,No inbound internal links from crawled pages
/the-public-square-subways,No inbound internal links from crawled pages
/the-quality-of-quantity,No inbound internal links from crawled pages
/the-real-reason-the-weed-market-is-broken,No inbound internal links from crawled pages
/the-real-story-of-co-op-city,No inbound internal links from crawled pages
/the-recovery-from-covid-19-pandemic-gun-violence,No inbound internal links from crawled pages
/the-reforms-that-failed-to-save-tyre-nichols-life,No inbound internal links from crawled pages
/the-rent-is-too-damn-high-but-also-too-low,No inbound internal links from crawled pages
/the-research-that-changed-my-thinking,No inbound internal links from crawled pages
/the-retail-reckoning,No inbound internal links from crawled pages
/the-right-role-for-police-in-the-opioid-crisis,No inbound internal links from crawled pages
/the-rise-and-rise-of-fentanyl,No inbound internal links from crawled pages
/the-role-of-self-control-in-preventing-crime,No inbound internal links from crawled pages
/the-secret-ingredient-safe-pedestrian-friendly-streets,No inbound internal links from crawled pages
/the-subway-movie-everyone-should-see-pelham-one-two-three,No inbound internal links from crawled pages
/the-titanium-law-of-evaluation,No inbound internal links from crawled pages
/the-trump-administration-poses-a-real-threat-to-nonprofits-in-new-york-and-beyond,No inbound internal links from crawled pages
/the-truth-about-shootings-in-new-york-city,No inbound internal links from crawled pages
/the-truth-about-youth-crime-rates-in-nyc,No inbound internal links from crawled pages
/the-victim-card,No inbound internal links from crawled pages
/the-world-is-hard-to-change,No inbound internal links from crawled pages
/times-square-good-times-square-bad,No inbound internal links from crawled pages
/tom-robbins-and-the-slow-death-of-common-civic-cul,No inbound internal links from crawled pages
/toward-a-new-discipline-macro-criminology,No inbound internal links from crawled pages
/tracie-keesee-interview,No inbound internal links from crawled pages
/training-ai-to-make-cities-more-humane,No inbound internal links from crawled pages
/treat-every-shooting-like-a-homicide,No inbound internal links from crawled pages
/trumps-bizarro-new-deal,No inbound internal links from crawled pages
/trumps-executive-orders-have-cities-in-the-crosshairs,No inbound internal links from crawled pages
/trumps-mass-deportation-threat-reality-or-fantasy,No inbound internal links from crawled pages
/truth-in-budgeting-asap,No inbound internal links from crawled pages
/twenty-strategies-for-reducing-crime-in-cities,No inbound internal links from crawled pages
/two-big-thoughts-about-the-steep-crime-drop,No inbound internal links from crawled pages
/two-mayoral-debates-are-not-nearly-enough,No inbound internal links from crawled pages
/underground-gun-markets-urban-violence,No inbound internal links from crawled pages
/underground-safer-than-the-surface,No inbound internal links from crawled pages
/understanding-new-yorks-congestion-pricing-mess,No inbound internal links from crawled pages
/understanding-the-new-york-news-subsidy,No inbound internal links from crawled pages
/universal-child-care-could-be-a-seismic-shift-for-new-yorks-children,No inbound internal links from crawled pages
/unraveling-the-threads-of-americas-gun-culture,No inbound internal links from crawled pages
/vital-city-after-hours-a-conversation-with-ed-glaeser,No inbound internal links from crawled pages
/vital-city-issues-call-for-submissions,No inbound internal links from crawled pages
/waiting-for-the-elevators-mta-long-road-to-accessible-wheelchair-system,No inbound internal links from crawled pages
/want-smaller-jails-unstick-criminal-proceedings,No inbound internal links from crawled pages
/want-to-fix-the-subway-stop-asking-it-to-be-something-its-not,No inbound internal links from crawled pages
/was-kathy-hochuls-congestion-pricing-calculation-good-or-bad-politics,No inbound internal links from crawled pages
/waymo-robotaxi-autonomous-driving-nyc,No inbound internal links from crawled pages
/we-need-housing-and-green-spaces-too,No inbound internal links from crawled pages
/welcome-to-oz-a-look-behind-the-government-curtain,No inbound internal links from crawled pages
/what-brought-new-york-city-back-from-the-brink,No inbound internal links from crawled pages
/what-came-after-1975-new-york-fiscal-crisis,No inbound internal links from crawled pages
/what-can-new-york-city-jail-reform-learn-from-abroad,No inbound internal links from crawled pages
/what-can-we-do-about-shoplifting-a-new-urban-plague,No inbound internal links from crawled pages
/what-crime-stats-fail-to-show,No inbound internal links from crawled pages
/what-dismantling-the-department-of-education-means-for-nyc,No inbound internal links from crawled pages
/what-does-it-take-to-govern-the-jails,No inbound internal links from crawled pages
/what-hangs-in-the-balance-sheets,No inbound internal links from crawled pages
/what-happens-if-adams-resigns,No inbound internal links from crawled pages
/what-has-become-of-hip-hop-landmarks-in-new-york-city,No inbound internal links from crawled pages
/what-is-a-receiver,No inbound internal links from crawled pages
/what-is-gold-standard-evidence-anyway,No inbound internal links from crawled pages
/what-it-will-take-to-implement-free-childcare-in-new-york-city,No inbound internal links from crawled pages
/what-jail-population-projections-tell-you-about-a-governments-aspirations,No inbound internal links from crawled pages
/what-kind-of-nypd-commissioner-do-we-need,No inbound internal links from crawled pages
/what-mamdani-gets-wrong-about-severe-mental-illness-and-crisis-response,No inbound internal links from crawled pages
/what-new-yorkers-should-know-about-nypd-staffing,No inbound internal links from crawled pages
/what-new-yorks-new-anti-airbnb-law-misses,No inbound internal links from crawled pages
/what-new-yorks-subway-system-can-learn-from-cities-around-the-world,No inbound internal links from crawled pages
/what-police-can-do-differently-to-save-lives,No inbound internal links from crawled pages
/what-really-drives-gun-violence-matthew-yglesias-and-jens-ludwig-in-conversation,No inbound internal links from crawled pages
/what-really-drives-policy,No inbound internal links from crawled pages
/what-the-mayoral-debate-missed,No inbound internal links from crawled pages
/what-the-numbers-miss-about-gun-crimes,No inbound internal links from crawled pages
/what-to-do-about-people-struggling-with-serious-mental-illness-on-the-subway-nyc,No inbound internal links from crawled pages
/what-we-are-reading-issue-5,No inbound internal links from crawled pages
/what-we-are-reading-issue-6,No inbound internal links from crawled pages
/what-we-are-reading-issue-8,No inbound internal links from crawled pages
/what-we-know-and-dont-know-about-guns,No inbound internal links from crawled pages
/what-were-reading,No inbound internal links from crawled pages
/what-were-reading-fall-2024,No inbound internal links from crawled pages
/what-will-happen-in-2024,No inbound internal links from crawled pages
/what-will-new-york-do-to-answer-decades-of-rape-claims-rikers-rosies,No inbound internal links from crawled pages
/what-you-can-do-about-trump,No inbound internal links from crawled pages
/whats-behind-baltimores-drastic-reduction-in-violence,No inbound internal links from crawled pages
/whats-behind-the-remarkable-staying-power-of-the-warriors,No inbound internal links from crawled pages
/whats-missing-in-the-case-against-eric-adams,No inbound internal links from crawled pages
/whats-race-got-to-do-with-mayor-adams-corruption-scandal,No inbound internal links from crawled pages
/whats-the-plan,No inbound internal links from crawled pages
/whats-to-become-of-eric-adams-administration-now,No inbound internal links from crawled pages
/when-cant-miss-programs-fail,No inbound internal links from crawled pages
/when-citizens-rescue-neighborhoods,No inbound internal links from crawled pages
/when-city-streets-really-are-war-zones,No inbound internal links from crawled pages
/when-government-built-homes-for-people,No inbound internal links from crawled pages
/when-pro-bono-is-a-con,No inbound internal links from crawled pages
/when-products-can-kill,No inbound internal links from crawled pages
/when-the-cure-for-corruption-is-worse-than-the-disease,No inbound internal links from crawled pages
/when-we-ride-appreciating-the-subway,No inbound internal links from crawled pages
/when-zoning-goes-too-far,No inbound internal links from crawled pages
/where-does-drug-policy-go-from-here,No inbound internal links from crawled pages
/where-vital-city-is-headed,No inbound internal links from crawled pages
/whither-the-black-exodus,No inbound internal links from crawled pages
/who-trumps-mass-deportations-would-hurt-and-how,No inbound internal links from crawled pages
/who-winds-up-in-jail-and-why,No inbound internal links from crawled pages
/why-abundance-matters,No inbound internal links from crawled pages
/why-are-new-york-transit-expenses-so-high-history-of-politics,No inbound internal links from crawled pages
/why-cant-we-solve-the-homelessness-crisis-in-new-york-city,No inbound internal links from crawled pages
/why-does-ems-worker-pay-remain-so-lousy,No inbound internal links from crawled pages
/why-does-everything-cost-so-much,No inbound internal links from crawled pages
/why-does-reform-fail,No inbound internal links from crawled pages
/why-family-court-cant-be-saved,No inbound internal links from crawled pages
/why-ill-probably-never-leave-new-york-city,No inbound internal links from crawled pages
/why-isnt-education-at-the-center-of-the-new-york-city-mayoral-race,No inbound internal links from crawled pages
/why-it-costs-4-billion-per-mile-of-subway-track,No inbound internal links from crawled pages
/why-it-costs-so-much-to-build-in-new-york-city,No inbound internal links from crawled pages
/why-mamdani-should-embrace-mayoral-control-of-schools,No inbound internal links from crawled pages
/why-new-yorkers-in-poverty-need-city-of-yes,No inbound internal links from crawled pages
/why-opponents-should-say-yes-to-city-of-yes,No inbound internal links from crawled pages
/why-oversight-matters,No inbound internal links from crawled pages
/why-the-citys-jails-are-broken,No inbound internal links from crawled pages
/why-the-future-of-ai-should-be-shaped-in-new-york-city,No inbound internal links from crawled pages
/why-trumps-attempt-to-kill-congestion-pricing-must-fail,No inbound internal links from crawled pages
/will-we-ever-swim-in-the-east-river,No inbound internal links from crawled pages
/willets-point-and-the-making-of-a-neighborhood,No inbound internal links from crawled pages
/without-a-better-bus-network-the-citys-public-transportation-system-will-fail-people,No inbound internal links from crawled pages
/without-congestion-pricing-a-hollowed-out-subway-investment-plan,No inbound internal links from crawled pages
/youth-crime-in-new-york-after-raise-the-age,No inbound internal links from crawled pages
/zohran-mamdani-and-andrew-cuomo-arent-as-different-as-you-might-think,No inbound internal links from crawled pages
/zohran-mamdani-in-the-balance,No inbound internal links from crawled pages
/zohran-mamdani-michelle-wu-and-brandon-johnson,No inbound internal links from crawled pages
/zohran-mamdani-talks-public-safety,No inbound internal links from crawled pages
/zohran-mamdani-technology-innovation-new-york,No inbound internal links from crawled pages
/zohran-mamdani-trump-maduro-nyc,No inbound internal links from crawled pages
/zohran-mamdanis-real-world-constraints,No inbound internal links from crawled pages
/zohran-mamdanis-uphill-battle-on-public-grocery-stores,No inbound internal links from crawled pages
/zohran-mamdanis-year-one-a-time-for-testing,No inbound internal links from crawled pages